jd_utc;kind;precision;title;text;body;ring
2371629.416667;DISCOVERY;DAY;Uranus entdeckt;William Herschel sieht in Bath ein Scheibchen, das kein Stern ist, und hält es zuerst für einen Kometen. Es ist der erste Planet, der mit einem Fernrohr gefunden wurde.;;
2373758.5;DISCOVERY;DAY;Titania entdeckt;William Herschel · Name aus „Ein Sommernachtstraum“ — Elfenkönigin;Titania;
2373758.5;DISCOVERY;DAY;Oberon entdeckt;William Herschel · Name aus „Ein Sommernachtstraum“ — Elfenkönig;Oberon;
2397419.5;DISCOVERY;DAY;Ariel entdeckt;William Lassell · Name aus „Der Sturm“ und Pope — ein Luftgeist;Ariel;
2397419.5;DISCOVERY;DAY;Umbriel entdeckt;William Lassell · Name aus Pope, „Der Lockenraub“ — ein düsterer Geist;Umbriel;
2415649.49337;SEASON;DAY;Sonnenwende 1901;Die Sonne steht über 82,2° Süd, fast über dem Pol. Mittsommer im Süden: seit 21 Jahren Tag am Südpol, am anderen Pol Nacht.;;
2423755.804454;SEASON;DAY;Tagundnachtgleiche 1923;Die Sonne steht über dem Äquator, die Ringe sind von der Kante beleuchtet. Danach wird es im Norden Frühling — für 21 Jahre.;;
2431915.446222;SEASON;DAY;Sonnenwende 1946;Die Sonne steht über 82,2° Nord, fast über dem Pol. Mittsommer im Norden: seit 21 Jahren Tag am Nordpol, am anderen Pol Nacht.;;
2432597.5;DISCOVERY;DAY;Miranda entdeckt;Gerard Kuiper · Name aus „Der Sturm“ — Prosperos Tochter;Miranda;
2439150.898536;SEASON;DAY;Tagundnachtgleiche 1966;Die Sonne steht über dem Äquator, die Ringe sind von der Kante beleuchtet. Danach wird es im Süden Frühling — für 21 Jahre.;;
2443213.333333;DISCOVERY;DAY;Ring 6 entdeckt;Der Stern SAO 158687 flackert vor und nach Uranus neunmal kurz: neun schmale Ringe. Elliot, Dunham, Mink (Sternbedeckung, Kuiper Airborne Observatory);;6
2443213.333333;DISCOVERY;DAY;Ring 5 entdeckt;Der Stern SAO 158687 flackert vor und nach Uranus neunmal kurz: neun schmale Ringe. Elliot, Dunham, Mink (Sternbedeckung, Kuiper Airborne Observatory);;5
2443213.333333;DISCOVERY;DAY;Ring 4 entdeckt;Der Stern SAO 158687 flackert vor und nach Uranus neunmal kurz: neun schmale Ringe. Elliot, Dunham, Mink (Sternbedeckung, Kuiper Airborne Observatory);;4
2443213.333333;DISCOVERY;DAY;Ring α entdeckt;Der Stern SAO 158687 flackert vor und nach Uranus neunmal kurz: neun schmale Ringe. Elliot, Dunham, Mink (Sternbedeckung, Kuiper Airborne Observatory);;α
2443213.333333;DISCOVERY;DAY;Ring β entdeckt;Der Stern SAO 158687 flackert vor und nach Uranus neunmal kurz: neun schmale Ringe. Elliot, Dunham, Mink (Sternbedeckung, Kuiper Airborne Observatory);;β
2443213.333333;DISCOVERY;DAY;Ring η entdeckt;Der Stern SAO 158687 flackert vor und nach Uranus neunmal kurz: neun schmale Ringe. Elliot, Dunham, Mink (Sternbedeckung, Kuiper Airborne Observatory);;η
2443213.333333;DISCOVERY;DAY;Ring γ entdeckt;Der Stern SAO 158687 flackert vor und nach Uranus neunmal kurz: neun schmale Ringe. Elliot, Dunham, Mink (Sternbedeckung, Kuiper Airborne Observatory);;γ
2443213.333333;DISCOVERY;DAY;Ring δ entdeckt;Der Stern SAO 158687 flackert vor und nach Uranus neunmal kurz: neun schmale Ringe. Elliot, Dunham, Mink (Sternbedeckung, Kuiper Airborne Observatory);;δ
2443213.333333;DISCOVERY;DAY;Ring ε entdeckt;Der Stern SAO 158687 flackert vor und nach Uranus neunmal kurz: neun schmale Ringe. Elliot, Dunham, Mink (Sternbedeckung, Kuiper Airborne Observatory);;ε
2446066.5;DISCOVERY;YEAR;Puck entdeckt;Voyager 2 · Name aus „Ein Sommernachtstraum“;Puck;
2446337.527017;SEASON;DAY;Sonnenwende 1985;Die Sonne steht über 82,2° Süd, fast über dem Pol. Mittsommer im Süden: seit 21 Jahren Tag am Südpol, am anderen Pol Nacht.;;
2446431.5;DISCOVERY;YEAR;Cordelia entdeckt;Voyager 2 · Name aus „König Lear“;Cordelia;
2446431.5;DISCOVERY;YEAR;Ophelia entdeckt;Voyager 2 · Name aus „Hamlet“;Ophelia;
2446431.5;DISCOVERY;YEAR;Bianca entdeckt;Voyager 2 · Name aus „Der Widerspenstigen Zähmung“;Bianca;
2446431.5;DISCOVERY;YEAR;Cressida entdeckt;Voyager 2 · Name aus „Troilus und Cressida“;Cressida;
2446431.5;DISCOVERY;YEAR;Desdemona entdeckt;Voyager 2 · Name aus „Othello“;Desdemona;
2446431.5;DISCOVERY;YEAR;Juliet entdeckt;Voyager 2 · Name aus „Romeo und Julia“;Juliet;
2446431.5;DISCOVERY;YEAR;Portia entdeckt;Voyager 2 · Name aus „Der Kaufmann von Venedig“;Portia;
2446431.5;DISCOVERY;YEAR;Rosalind entdeckt;Voyager 2 · Name aus „Wie es euch gefällt“;Rosalind;
2446431.5;DISCOVERY;YEAR;Belinda entdeckt;Voyager 2 · Name aus Pope, „Der Lockenraub“;Belinda;
2446431.5;DISCOVERY;YEAR;Ring ζ entdeckt;Voyager 2 (als 1986U2R);;ζ
2446431.5;DISCOVERY;YEAR;Ring λ entdeckt;Voyager 2;;λ
2446455.209969;FLYBY;MINUTE;Vorbei an Miranda;Nächster Punkt zu Miranda: 29.099 km. Die Bilder zeigen einen Mond aus Flicken — Kanten, Terrassen und Steilwände bis 20 km Höhe.;Miranda;
2446455.219019;FLYBY;MINUTE;Durch die Ringebene;Voyager 2 kreuzt die Äquatorebene 115.419 km vom Zentrum — 4,5 Uranusradien, weit außerhalb der dichten Ringe. Die Plasmawellen-Antenne hört Staubkörner auf die Sonde prasseln.;;
2446455.249205;FLYBY;MINUTE;Größte Annäherung;Voyager 2 fliegt 81.595 km über der Wolkenoberfläche vorbei (107.154 km vom Zentrum), mit 18,0 km/s relativ zu Uranus.;;
2446455.351289;FLYBY;MINUTE;Im Uranusschatten;Für 76 Minuten steht Uranus zwischen Sonde und Sonne. Das Sonnenlicht, das durch die Atmosphäre fällt, verrät deren Aufbau.;;
2450449.5;DISCOVERY;YEAR;Caliban entdeckt;Bodenteleskop · Name aus „Der Sturm“;Caliban;
2450449.5;DISCOVERY;YEAR;Sycorax entdeckt;Bodenteleskop · Name aus „Der Sturm“;Sycorax;
2451179.5;DISCOVERY;YEAR;Perdita entdeckt;Voyager 2 · Name aus „Das Wintermärchen“;Perdita;
2451179.5;DISCOVERY;YEAR;Stephano entdeckt;Bodenteleskop · Name aus „Der Sturm“;Stephano;
2451179.5;DISCOVERY;YEAR;Prospero entdeckt;Bodenteleskop · Name aus „Der Sturm“;Prospero;
2451179.5;DISCOVERY;YEAR;Setebos entdeckt;Bodenteleskop · Name aus „Der Sturm“;Setebos;
2451910.5;DISCOVERY;YEAR;Francisco entdeckt;Bodenteleskop · Name aus „Der Sturm“;Francisco;
2451910.5;DISCOVERY;YEAR;Trinculo entdeckt;Bodenteleskop · Name aus „Der Sturm“;Trinculo;
2451910.5;DISCOVERY;YEAR;Ferdinand entdeckt;Bodenteleskop · Name aus „Der Sturm“;Ferdinand;
2452640.5;DISCOVERY;YEAR;Cupid entdeckt;Hubble · Name aus „Timon von Athen“;Cupid;
2452640.5;DISCOVERY;YEAR;Mab entdeckt;Hubble · Name aus „Romeo und Julia“;Mab;
2452640.5;DISCOVERY;YEAR;Margaret entdeckt;Bodenteleskop · Name aus „Viel Lärm um nichts“;Margaret;
2452640.5;DISCOVERY;YEAR;Ring ν entdeckt;Showalter, Lissauer (Hubble);;ν
2452640.5;DISCOVERY;YEAR;Ring μ entdeckt;Showalter, Lissauer (Hubble);;μ
2454440.395245;SEASON;DAY;Tagundnachtgleiche 2007;Die Sonne steht über dem Äquator, die Ringe sind von der Kante beleuchtet. Danach wird es im Norden Frühling — für 21 Jahre.;;
2459945.5;DISCOVERY;YEAR;S/2023 U1 entdeckt;Bodenteleskop · Name aus noch unbenannt;S/2023 U1;
2460676.5;DISCOVERY;YEAR;S/2025 U1 entdeckt;JWST · Name aus noch unbenannt (JWST);S/2025 U1;
2462602.445682;SEASON;DAY;Sonnenwende 2030;Die Sonne steht über 82,2° Nord, fast über dem Pol. Mittsommer im Norden: seit 21 Jahren Tag am Nordpol, am anderen Pol Nacht.;;
2469840.964129;SEASON;DAY;Tagundnachtgleiche 2050;Die Sonne steht über dem Äquator, die Ringe sind von der Kante beleuchtet. Danach wird es im Süden Frühling — für 21 Jahre.;;
2477025.576457;SEASON;DAY;Sonnenwende 2069;Die Sonne steht über 82,2° Süd, fast über dem Pol. Mittsommer im Süden: seit 21 Jahren Tag am Südpol, am anderen Pol Nacht.;;
2485124.991804;SEASON;DAY;Tagundnachtgleiche 2091;Die Sonne steht über dem Äquator, die Ringe sind von der Kante beleuchtet. Danach wird es im Norden Frühling — für 21 Jahre.;;
