name;naif;quality;source;frame;epoch_jd;a_km;ecc;incl_deg;node_deg;argp_deg;mean_anom_deg;period_days;apsis_period_yr;node_period_yr;pole_ra_deg;pole_dec_deg;fit_max_deg;fit_mean_deg
Miranda;705;FIT;JPL URA182 · an Horizons angeglichen;EQUATORIAL;2451545;129846;0.001;4.4;100.9;154.8;72.393;1.41347903;8.939;17.787;;;2.289;0.63
Ariel;701;FIT;JPL URA182 · an Horizons angeglichen;EQUATORIAL;2451545;190929;0.001;0;0;9.6;193.6066;2.52037922;;;;;0.193;0.087
Umbriel;702;FIT;JPL URA182 · an Horizons angeglichen;EQUATORIAL;2451545;265986;0.004;0.1;174.8;183.4;253.0601;4.14417693;64.126;129.745;;;0.205;0.083
Titania;703;FIT;JPL URA182 · an Horizons angeglichen;EQUATORIAL;2451545;436298;0.002;0.1;29.5;184;68.0791;8.70586853;579.928;1644.649;;;0.212;0.081
Oberon;704;FIT;JPL URA182 · an Horizons angeglichen;EQUATORIAL;2451545;583511;0.002;0.1;76.8;132.2;143.5811;13.46323653;158.604;192.798;;;0.228;0.122
Cordelia;706;FIT;JPL URA184 · an Horizons angeglichen;LAPLACE;2460676.5;49755;0;0.2;1.1;0;276.6999;0.33503619;;0.6;77.3;15.2;0.316;0.098
Ophelia;707;FIT;JPL URA184 · an Horizons angeglichen;LAPLACE;2460676.5;53765;0.011;0.2;151.6;19.3;203.7072;0.37638023;;;77.3;15.2;2.313;0.605
S/2025 U1;75052;MEAN;JPL URA184 · mittlere Elemente;LAPLACE;2460676.5;57844;0.039;4;70.8;313.9;275.6;0.4201;0.5;1;77.3;15.2;;
Bianca;708;FIT;JPL URA184 · an Horizons angeglichen;LAPLACE;2460676.5;59170;0.006;2.3;272.5;328;100.6779;0.43457954;0.5;1.1;77.3;15.2;3.062;1.075
Cressida;709;FIT;JPL URA184 · an Horizons angeglichen;LAPLACE;2460676.5;61770;0.004;1.8;308.2;87.9;352.7129;0.46356976;0.6;1.2;77.3;15.2;2.358;0.591
Desdemona;710;FIT;JPL URA184 · an Horizons angeglichen;LAPLACE;2460676.5;62663;0.007;3.1;283.9;137;222.3589;0.4736486;0.6;1.3;77.3;15.2;5.447;1.129
Juliet;711;FIT;JPL URA184 · an Horizons angeglichen;LAPLACE;2460676.5;64362;0.006;3;141;274.9;312.5084;0.49306695;0.7;1.4;77.3;15.2;3.97;0.686
Portia;712;FIT;JPL URA184 · an Horizons angeglichen;LAPLACE;2460676.5;66101;0.004;2.7;146.7;31.6;303.1403;0.51319128;0.8;1.6;77.3;15.2;5.326;1.118
Rosalind;713;FIT;JPL URA184 · an Horizons angeglichen;LAPLACE;2460676.5;69930;0.003;1.7;330;231.8;281.3145;0.55846348;0.9;1.9;77.3;15.2;1.245;0.3
Cupid;727;FIT;JPL URA184 · an Horizons angeglichen;LAPLACE;2460676.5;74396;0.007;2;31.1;168;357.5045;0.61283216;1.2;2.3;77.3;15.2;2.485;0.576
Belinda;714;FIT;JPL URA184 · an Horizons angeglichen;LAPLACE;2460676.5;75258;0.002;1.4;96.2;58.6;220.6339;0.62352968;1.2;2.4;77.3;15.2;1.938;0.314
Perdita;725;FIT;JPL URA184 · an Horizons angeglichen;LAPLACE;2460676.5;76418;0.005;1.6;270.4;296.9;162.3413;0.63800596;1.3;2.6;77.3;15.2;1.631;0.244
Puck;715;FIT;JPL URA184 · an Horizons angeglichen;LAPLACE;2460676.5;86007;0.009;1.1;111.2;337;259.3244;0.76183337;1.9;3.9;77.3;15.2;1.885;0.278
Mab;726;FIT;JPL URA184 · an Horizons angeglichen;LAPLACE;2460676.5;97737;0.006;1.8;307.8;318.6;246.9271;0.92295082;3.1;6.1;77.3;15.2;0.932;0.191
Francisco;722;FIT;JPL URA117 · an Horizons angeglichen;ECLIPTIC;2458849.5;4275700;0.144;146.8;101.9;137.6;129.473;267.20151264;;;;;5.822;2.163
Caliban;716;FIT;JPL URA117 · an Horizons angeglichen;ECLIPTIC;2458849.5;7167000;0.2;141.4;174.9;349.7;236.0329;578.61057022;;;;;22.791;6.975
Stephano;720;FIT;JPL URA117 · an Horizons angeglichen;ECLIPTIC;2458849.5;7951400;0.235;143.6;193.3;17.1;192.4355;676.54590259;5469;5190;;;16.815;9.045
S/2023 U1;75051;FIT;JPL URA117 · an Horizons angeglichen;ECLIPTIC;2458849.5;7976600;0.25;143.9;260.2;158.7;260.7658;680.26116703;;;;;16.464;8.163
Trinculo;721;FIT;JPL URA117 · an Horizons angeglichen;ECLIPTIC;2458849.5;8502600;0.22;167.1;196.5;162.2;88.1225;748.71294828;2589;4265;;;3.155;1.222
Sycorax;717;FIT;JPL URA117 · an Horizons angeglichen;ECLIPTIC;2458849.5;12193200;0.52;157;267.1;25.4;146.3541;1289.7316439;;;;;7.257;3.347
Margaret;723;FIT;JPL URA117 · an Horizons angeglichen;ECLIPTIC;2458849.5;14425000;0.642;60.5;0.9;90.7;105.1223;1628.70511948;;1002;;;23.353;13.88
Prospero;718;FIT;JPL URA117 · an Horizons angeglichen;ECLIPTIC;2458849.5;16221000;0.441;149.4;324.5;180.4;130.7168;1984.63141892;;;;;17.078;5.991
Setebos;719;FIT;JPL URA117 · an Horizons angeglichen;ECLIPTIC;2458849.5;17519800;0.579;153.9;244.7;356.1;290.2055;2207.815394;;;;;9.967;6.457
Ferdinand;724;FIT;JPL URA117 · an Horizons angeglichen;ECLIPTIC;2458849.5;20421400;0.395;169.2;223.9;166.9;239.9126;2761.72400998;747;1001;;;11.102;2.913
