code;jd_tdb;x_km;y_km;z_km
701;2442545;96639;23400;-162604
701;2446455.25;-137975;-5571;131656
701;2448545;9436;-53100;183189
701;2450545;-45211;59079;-175936
701;2451545;175678;-19272;-72960
701;2451545.05;166445;-11505;-93416
701;2451545.25;105808;20111;-158010
701;2451546;-177853;52536;-44906
701;2451548;5773;49966;-184366
701;2451555;184856;-31246;-37333
701;2451575;180412;-50938;37085
701;2451645;-21106;-46355;183788
701;2451845;160963;-7617;-102941
701;2452545;80155;-62907;161266
701;2454441.5;-42556;58734;-176847
701;2458849.5;23319;45885;-183876
701;2460676.5;135174;7040;-134572
701;2461306.5;161683;-8232;-101096
701;2462604.5;160837;-7672;-102536
702;2442545;-254105;67798;-36700
702;2446455.25;258610;-46171;-44353
702;2448545;-49833;80359;-247736
702;2450545;197043;-88214;156826
702;2451545;100010;45083;-242318
702;2451545.05;81522;50823;-247949
702;2451545.25;3979;70551;-256009
702;2451546;-234003;79377;-95421
702;2451548;222621;-84025;121267
702;2451555;-207377;475;165791
702;2451575;-232639;80022;-98838
702;2451645;-107346;87339;-226254
702;2451845;-227300;13190;136270
702;2452545;-258568;58047;648
702;2454441.5;189673;9657;-187386
702;2458849.5;53556;-80811;246989
702;2460676.5;-163366;-21173;207411
702;2461306.5;-135730;-32321;225314
702;2462604.5;182250;-88474;171686
703;2442545;-426274;98222;-8268
703;2446455.25;-276597;-30620;337115
703;2448545;-187831;-64995;389033
703;2450545;-357488;138331;-209042
703;2451545;-63107;128000;-411987
703;2451545.05;-78292;130497;-408624
703;2451545.25;-137816;138751;-389899
703;2451546;-326211;143318;-252570
703;2451548;-316354;-11923;301557
703;2451555;-376217;133697;-176887
703;2451575;-83934;-96400;417643
703;2451645;23911;-121189;419324
703;2451845;-48422;-105365;421073
703;2452545;274782;30880;-336151
703;2454441.5;421992;-103617;30569
703;2458849.5;-143103;139382;-386810
703;2460676.5;221410;53125;-371555
703;2461306.5;-419648;67093;98796
703;2462604.5;-305218;-17675;311389
704;2442545;567282;-134222;28130
704;2446455.25;-503382;177169;-235580
704;2448545;-361994;-45110;456259
704;2450545;196344;104547;-538702
704;2451545;-560570;144961;-72810
704;2451545.05;-562902;141889;-59756
704;2451545.25;-569159;128848;-7286
704;2451546;-548597;70998;186335
704;2451548;-200706;-103396;538412
704;2451555;130870;123370;-554446
704;2451575;-183176;-108791;543832
704;2451645;456227;-187131;310623
704;2451845;9850;-156873;562324
704;2452545;-13018;-151978;563281
704;2454441.5;-436383;-9242;387920
704;2458849.5;563819;-96139;-108709
704;2460676.5;-92288;-133409;561145
704;2461306.5;-567863;100122;98014
704;2462604.5;513088;-173567;213945
705;2442545;83555;7358;-99203
705;2446455.25;-124184;17369;33185
705;2448545;123892;-38824;1035
705;2450545;113416;-39144;49318
705;2451545;-104330;34868;-68865
705;2451545.05;-118368;29764;-44229
705;2451545.25;-113806;-1800;62752
705;2451546;100295;9215;-81720
705;2451548;-127329;11656;22898
705;2451555;-127142;22347;-14294
705;2451575;-91135;-13237;91726
705;2451645;76705;18000;-103033
705;2451845;-78966;-15723;102052
705;2452545;94747;-33634;82466
705;2454441.5;-99188;9758;82924
705;2458849.5;75817;11915;-104643
705;2460676.5;-37109;-16721;123168
705;2461306.5;-105912;48214;-57641
705;2462604.5;-28586;-35823;121396
706;2446455.25;-29877;16644;-36157
706;2451545;48607;-10493;-2099
706;2451676.5;-48603;10728;548
706;2454441.5;-24046;16601;-40249
706;2457676.5;48613;-9568;-4540
706;2458849.5;35458;1615;-34872
706;2459676.5;-48486;9412;5913
706;2460676.5;-3794;13944;-47594
706;2460676.55;-41334;15599;-22888
706;2460676.75;48543;-9460;-5335
706;2460677.5;863;13008;-47999
706;2460679.5;10110;10784;-47488
706;2460686.5;37485;526;-32687
706;2460706.5;16433;-15945;44197
706;2460776.5;-3823;-12609;47962
706;2460976.5;-18482;-8554;45378
706;2461306.5;-27024;-5315;41462
706;2461676.5;48430;-8787;-7143
706;2462604.5;32043;-16798;34186
707;2446455.25;-6742;15713;-50978
707;2451545;28331;6298;-45897
707;2451676.5;-51179;6620;16916
707;2454441.5;26665;-17918;43544
707;2457676.5;34711;-17923;36412
707;2458849.5;-42151;17046;-27852
707;2459676.5;-31892;-4766;43372
707;2460676.5;-52128;8020;12856
707;2460676.55;-27955;-6610;45667
707;2460676.75;16538;10383;-50020
707;2460677.5;18813;9676;-49315
707;2460679.5;-53112;10832;3602
707;2460686.5;41721;34;-33176
707;2460706.5;2949;13754;-51590
707;2460776.5;10330;11668;-51003
707;2460976.5;-43548;574;32461
707;2461306.5;-36386;17643;-34747
707;2461676.5;-45220;16834;-23321
707;2462604.5;51892;-9710;-6549
708;2446455.25;-10628;17426;-55254
708;2451545;27646;9939;-51299
708;2451676.5;5744;-15874;56331
708;2454441.5;3503;12704;-57803
708;2457676.5;13789;14374;-55465
708;2458849.5;-40181;21303;-37284
708;2459676.5;-37395;19726;-41210
708;2460676.5;-53404;19169;-17032
708;2460676.55;-54136;8154;23200
708;2460676.75;56870;-13008;-8430
708;2460677.5;-4007;-14967;57438
708;2460679.5;-31719;21212;-45008
708;2460686.5;-54643;18540;-13261
708;2460706.5;-56441;16709;-5679
708;2460776.5;-55194;5993;19717
708;2460976.5;3946;-14297;57114
708;2461306.5;42777;1596;-41072
708;2461676.5;-58007;9210;7100
708;2462604.5;48176;-20820;27392
709;2446455.25;43268;-21954;37983
709;2451545;-35279;20418;-46344
709;2451676.5;60325;-10932;-9206
709;2454441.5;-48526;2446;37706
709;2457676.5;56799;-6603;-23078
709;2458849.5;-51931;18879;-27078
709;2459676.5;-48657;18225;-32926
709;2460676.5;-53857;6042;29076
709;2460676.55;-25435;-7935;55473
709;2460676.75;46295;-983;-41285
709;2460677.5;-7619;-13509;59607
709;2460679.5;58020;-9529;-19742
709;2460686.5;37570;3372;-49248
709;2460706.5;-13196;19017;-57471
709;2460776.5;-14091;20711;-56753
709;2460976.5;-10120;-13684;59650
709;2461306.5;-51700;444;34218
709;2461676.5;-3024;-17261;58993
709;2462604.5;-49410;-140;37238
710;2446455.25;-44966;17692;-39326
710;2451545;12972;13871;-59294
710;2451676.5;36769;-19258;47095
710;2454441.5;-60935;10560;7438
710;2457676.5;-60568;12607;-8653
710;2458849.5;60262;-16733;-440
710;2459676.5;61120;-13904;-7121
710;2460676.5;-10035;18670;-59309
710;2460676.55;-44442;22735;-38002
710;2460676.75;21244;-20682;54903
710;2460677.5;-45868;22712;-36265
710;2460679.5;-46060;1810;41845
710;2460686.5;-46195;22989;-35752
710;2460706.5;-45415;503;42684
710;2460776.5;-50127;22924;-30681
710;2460976.5;-32842;-6951;53240
710;2461306.5;-44347;22097;-38872
710;2461676.5;-58271;9522;20876
710;2462604.5;20547;-22413;54323
711;2446455.25;53884;-5017;-34138
711;2451545;-13154;-11776;61958
711;2451676.5;-54033;21409;-27188
711;2454441.5;30487;12063;-55802
711;2457676.5;37362;7215;-52075
711;2458849.5;40549;1147;-49440
711;2459676.5;-48868;19841;-37197
711;2460676.5;-62917;9396;7736
711;2460676.55;-47557;-4670;42507
711;2460676.75;63073;-8170;-11622
711;2460677.5;-61096;5622;18343
711;2460679.5;-51771;-2295;37509
711;2460686.5;17822;-21494;57677
711;2460706.5;-39101;21115;-46884
711;2460776.5;-29681;19019;-54339
711;2460976.5;59053;-20522;15577
711;2461306.5;6721;14322;-62673
711;2461676.5;-41490;-7403;48131
711;2462604.5;-6453;-17714;61814
712;2446455.25;-57194;22015;-25395
712;2451545;-6433;21993;-62188
712;2451676.5;-65273;9933;5844
712;2454441.5;-41731;23284;-45902
712;2457676.5;60352;-9019;-25792
712;2458849.5;110;-19784;62819
712;2459676.5;5131;15189;-63880
712;2460676.5;29675;-23156;54178
712;2460676.55;57434;-19525;25691
712;2460676.75;-25769;23103;-56448
712;2460677.5;9797;-21595;61640
712;2460679.5;-30851;-12201;57286
712;2460686.5;-25377;22794;-56721
712;2460706.5;-14558;21360;-60830
712;2460776.5;-25203;-11773;60222
712;2460976.5;-52997;21742;-32611
712;2461306.5;-60860;16581;-20192
712;2461676.5;-55641;23308;-27301
712;2462604.5;-14331;-11235;63656
713;2446455.25;47363;-25250;45187
713;2451545;-13564;-14861;66753
713;2451676.5;25962;9876;-64097
713;2454441.5;-9691;18697;-66716
713;2457676.5;65550;-17477;16996
713;2458849.5;-41633;25307;-49845
713;2459676.5;19703;15564;-65467
713;2460676.5;33640;-22423;57003
713;2460676.55;59959;-21585;28399
713;2460676.75;-13626;19772;-65644
713;2460677.5;-48742;-911;50434
713;2460679.5;18508;12175;-66180
713;2460686.5;-4868;-16008;68012
713;2460706.5;-64569;9388;25783
713;2460776.5;53502;-24239;38088
713;2460976.5;68130;-11219;-12450
713;2461306.5;61338;-20236;26195
713;2461676.5;-65946;18412;-13054
713;2462604.5;35385;7931;-59899
714;2446455.25;53319;-23684;47367
714;2451545;-30935;-13373;67160
714;2451676.5;-65415;2515;37098
714;2454441.5;73682;-12303;-8292
714;2457676.5;16497;17156;-71459
714;2458849.5;-68796;20441;-22997
714;2459676.5;4602;-22310;71607
714;2460676.5;-72415;9139;18704
714;2460676.55;-56047;-2905;50203
714;2460676.75;67626;-20539;25516
714;2460677.5;47926;6577;-57617
714;2460679.5;-41606;24391;-57907
714;2460686.5;-66789;3625;34660
714;2460706.5;-44840;-7525;60025
714;2460776.5;62521;-21964;35495
714;2460976.5;-36842;-7853;65264
714;2461306.5;62023;-25084;34512
714;2461676.5;-26073;22695;-66858
714;2462604.5;-57435;-425;48810
715;2446455.25;-34528;28615;-74031
715;2451545;5146;21637;-82312
715;2451676.5;50110;-30630;63875
715;2454441.5;-682;23455;-82037
715;2457676.5;-71417;1693;46510
715;2458849.5;-21408;28072;-77937
715;2459676.5;40918;-27244;70267
715;2460676.5;-80855;22303;-19701
715;2460676.55;-83612;13234;14219
715;2460676.75;18194;-26222;79067
715;2460677.5;10003;-25037;80870
715;2460679.5;-65795;27463;-48881
715;2460686.5;-73654;2868;43516
715;2460706.5;43058;-28039;68117
715;2460776.5;-17289;-18863;81421
715;2460976.5;2024;21349;-83521
715;2461306.5;-71121;27581;-39508
715;2461676.5;74885;-5083;-43033
715;2462604.5;28189;14048;-79346
725;2446455.25;-50412;25379;-52040
725;2451545;71933;-20997;16340
725;2451676.5;69026;-4017;-33282
725;2454441.5;55471;-25489;46560
725;2457676.5;-50648;24886;-52077
725;2458849.5;61617;-26274;36606
725;2459676.5;48733;3269;-58447
725;2460676.5;-74074;15268;13187
725;2460676.55;-61538;2935;45826
725;2460676.75;61959;-25927;36023
725;2460677.5;63575;-4666;-41471
725;2460679.5;13517;17006;-73038
725;2460686.5;26280;13063;-70255
725;2460706.5;-72295;11920;22889
725;2460776.5;-2729;22380;-72679
725;2460976.5;-8058;-20683;73345
725;2461306.5;73620;-17915;9610
725;2461676.5;59712;-26659;39462
725;2462604.5;-68000;24585;-25162
726;2446455.25;-92755;23889;-20632
726;2451545;73718;-1146;-63310
726;2451676.5;-81893;6142;53945
726;2454441.5;-79742;33545;-44274
726;2457676.5;-95039;21448;-12176
726;2458849.5;-74753;34402;-51693
726;2459676.5;-88074;26729;-33778
726;2460676.5;82024;-31844;43062
726;2460676.55;93224;-26762;12371
726;2460676.75;36144;13853;-89153
726;2460677.5;94865;-22686;-5061
726;2460679.5;47142;9871;-84453
726;2460686.5;1017;-24859;95092
726;2460706.5;-83823;31403;-38634
726;2460776.5;-8753;27054;-92925
726;2460976.5;92205;-28952;17427
726;2461306.5;-94585;19176;11373
726;2461676.5;-75908;31749;-52986
726;2462604.5;64219;-31043;66758
727;2446455.25;104;20393;-71286
727;2451545;-68775;11149;25353
727;2451676.5;53100;2934;-52662
727;2454441.5;70958;-17925;12484
727;2457676.5;-7771;-20207;70983
727;2458849.5;20153;-22016;67696
727;2459676.5;-9103;21413;-71112
727;2460676.5;70427;-9581;-20067
727;2460676.55;52770;1766;-51723
727;2460676.75;-69334;19264;-20549
727;2460677.5;-36244;-8354;64878
727;2460679.5;65901;-20149;26936
727;2460686.5;-45696;22695;-54375
727;2460706.5;72241;-15694;1239
727;2460776.5;15574;13443;-70961
727;2460976.5;-65241;7441;34435
727;2461306.5;69309;-5469;-26685
727;2461676.5;24497;-22458;67067
727;2462604.5;62223;-5631;-40149
716;2446455.25;904391;3162694;6568271
716;2449849.5;-4886516;2374585;4166382
716;2451545;-6455422;1028703;1265047
716;2454441.5;-6511457;925394;1062139
716;2455849.5;7345832;696650;2274156
716;2457849.5;-5098864;-1664747;-3950415
716;2458849.5;5932040;-2310301;-3951085
716;2458849.55;5929601;-2311427;-3953645
716;2458849.75;5919827;-2315928;-3963878
716;2458850.5;5882961;-2332722;-4002100
716;2458852.5;5782992;-2376844;-4102874
716;2458859.5;5414555;-2523390;-4441917
716;2458879.5;4214453;-2867603;-5278175
716;2458949.5;-1045682;-2993068;-6155742
716;2459149.5;-3550134;2826343;5281147
716;2459849.5;4997195;2304957;5243990
716;2460676.5;-74256;-3086864;-6278849
716;2461306.5;-3822286;-2273565;-5052806
716;2462604.5;-4895886;2287630;4168268
717;2446455.25;12276431;4683222;-3986286
717;2449849.5;5655648;15693084;6123841
717;2451545;12897985;8400832;-2468502
717;2454441.5;-1229632;-5434792;-2433073
717;2455849.5;-7103754;880549;4589561
717;2457849.5;11726641;12414331;334442
717;2458849.5;4578495;15801392;6142740
717;2458849.55;4580159;15801619;6141944
717;2458849.75;4586814;15802521;6138759
717;2458850.5;4611760;15805857;6126803
717;2458852.5;4678187;15814405;6094796
717;2458859.5;4909603;15840360;5981236
717;2458879.5;5560377;15880965;5644202
717;2458949.5;7695165;15641885;4336338
717;2459149.5;12013405;11885239;-86607
717;2459849.5;-5400447;8353619;7465770
717;2460676.5;11245768;1994993;-4958512
717;2461306.5;521615;14084032;7284680
717;2462604.5;1111784;14247357;7028415
718;2446455.25;4708444;12606721;-3006782
718;2449849.5;-4137716;-13980206;2539473
718;2451545;7605914;-17834104;-1760734
718;2454441.5;5960978;12259472;-3151454
718;2455849.5;-5930886;-13444975;3419292
718;2457849.5;-6206442;-12724684;3700478
718;2458849.5;19485385;-3349141;-7135660
718;2458849.55;19485617;-3351028;-7135540
718;2458849.75;19486546;-3358576;-7135058
718;2458850.5;19489997;-3386878;-7133237
718;2458852.5;19498955;-3462305;-7128278
718;2458859.5;19527551;-3725770;-7109882
718;2458879.5;19585255;-4473472;-7048479
718;2458949.5;19516586;-7017282;-6734897
718;2459149.5;17216990;-13337842;-5117900
718;2459849.5;-6849521;-11321633;3927483
718;2460676.5;18121036;2306999;-7083635
718;2461306.5;13018650;-16961796;-2747685
718;2462604.5;17339148;4373603;-6748332
719;2446455.25;-8069706;11769314;13679347
719;2449849.5;17167840;15296858;-982348
719;2451545;9877705;23346319;9743867
719;2454441.5;15460428;10778324;-4076755
719;2455849.5;5902978;23521204;11847348
719;2457849.5;-54421;20899833;13875677
719;2458849.5;15774916;10093225;-4242495
719;2458849.55;15774555;10091243;-4243521
719;2458849.75;15773107;10083314;-4247627
719;2458850.5;15767647;10053558;-4263009
719;2458852.5;15752822;9974038;-4303947
719;2458859.5;15697965;9693788;-4446378
719;2458879.5;15514312;8876756;-4845362
719;2458949.5;14522610;5832869;-6120544
719;2459149.5;7515710;-3781550;-7506110
719;2459849.5;-6154332;14935735;13672438
719;2460676.5;13971211;20624385;3868211
719;2461306.5;12036874;-177857;-7936806
719;2462604.5;8539117;22898867;8785750
720;2446455.25;2470287;3650545;6321493
720;2449849.5;2997128;3688076;6205080
720;2451545;1213597;-3862814;-7347716
720;2454441.5;-6601420;134058;1678194
720;2455849.5;-4357227;2165089;4856673
720;2457849.5;-6011666;905580;2947072
720;2458849.5;8580983;-683473;-3123025
720;2458849.55;8579987;-685014;-3125604
720;2458849.75;8575992;-691180;-3135917
720;2458850.5;8560841;-714288;-3174521
720;2458852.5;8519115;-775799;-3276960
720;2458859.5;8358127;-989623;-3629554
720;2458879.5;7773251;-1583452;-4578730
720;2458949.5;4455559;-3294294;-6955737
720;2459149.5;-6715630;-1384026;-1035128
720;2459849.5;-6748708;-477802;628585
720;2460676.5;1996157;3690567;6292091
720;2461306.5;-1700273;3123572;6109635
720;2462604.5;-5387751;1370114;3793837
721;2446455.25;-8780367;2044144;2291175
721;2449849.5;2096128;-6769244;-5231720
721;2451545;-8483996;-5183877;-3024419
721;2454441.5;-3708841;-7614332;-5250937
721;2455849.5;1956140;-6913511;-5280124
721;2457849.5;1214773;5687638;4065348
721;2458849.5;1847800;-6887014;-5251303
721;2458849.55;1844676;-6888265;-5251917
721;2458849.75;1832178;-6893255;-5254366
721;2458850.5;1785273;-6911819;-5263430
721;2458852.5;1659893;-6960146;-5286693
721;2458859.5;1218139;-7115861;-5357940
721;2458879.5;-59133;-7447230;-5476516
721;2458949.5;-4362720;-7379887;-5004272
721;2459149.5;-9689582;-60321;909522
721;2459849.5;-9767831;-2425498;-821235
721;2460676.5;-9210736;1332656;1902868
721;2461306.5;-9091614;-4229757;-2209330
721;2462604.5;1177578;-7032228;-5323914
722;2446455.25;2917939;-2073792;824852
722;2449849.5;-645905;3968685;1972983
722;2451545;2169110;-3038545;-306967
722;2454441.5;2918848;500794;2421509
722;2455849.5;-395436;-3312152;-2344587
722;2457849.5;-1676899;4108478;1352241
722;2458849.5;-4047685;798227;-2432173
722;2458849.55;-4048433;802175;-2430242
722;2458849.75;-4051384;817955;-2422492
722;2458850.5;-4061881;877015;-2393089
722;2458852.5;-4085491;1033523;-2312111
722;2458859.5;-4118051;1567114;-2001359
722;2458879.5;-3793795;2900315;-931119
722;2458949.5;861453;3212462;2637051
722;2459149.5;-3699165;3061169;-760014
722;2459849.5;183319;-3432815;-2022053
722;2460676.5;-2025600;-2422688;-2986486
722;2461306.5;-2736548;3880929;464230
722;2462604.5;-4102573;1951725;-1728934
723;2446455.25;6409971;-836155;-16385946
723;2449849.5;7278345;-954829;-13257473
723;2451545;7666135;-500986;-10560661
723;2454441.5;4138453;-5986458;-22952632
723;2455849.5;-402841;-7911506;-24678322
723;2457849.5;4642638;-4941275;-20754702
723;2458849.5;-5906968;-8956335;-22254561
723;2458849.55;-5906306;-8956404;-22255471
723;2458849.75;-5903658;-8956676;-22259109
723;2458850.5;-5893717;-8957689;-22272725
723;2458852.5;-5867163;-8960325;-22308849
723;2458859.5;-5773661;-8968774;-22433280
723;2458879.5;-5502487;-8986249;-22771698
723;2458949.5;-4512449;-8973189;-23760084
723;2459149.5;-1455015;-8359936;-24967488
723;2459849.5;5763915;260995;-4944546
723;2460676.5;-3480739;-9070710;-24805425
723;2461306.5;5227926;-4120237;-16840946
723;2462604.5;490319;-8366221;-24826852
724;2446455.25;8016398;-17343725;-12337153
724;2449849.5;-12768672;-22405950;-12235223
724;2451545;13195904;1736987;-1307708
724;2454441.5;14672530;-4304258;-5500591
724;2455849.5;-19801763;-17598515;-7218685
724;2457849.5;2174668;-21895399;-13842672
724;2458849.5;-22274477;-11126799;-2740763
724;2458849.55;-22274807;-11125276;-2739773
724;2458849.75;-22276124;-11119182;-2735812
724;2458850.5;-22281041;-11096322;-2720951
724;2458852.5;-22293987;-11035284;-2681293
724;2458859.5;-22337325;-10820740;-2542296
724;2458879.5;-22444629;-10199957;-2143519
724;2458949.5;-22617762;-7941997;-732916
724;2459149.5;-21100169;-949510;3258845
724;2459849.5;11003432;7706554;2698766
724;2460676.5;1528617;-21124985;-13160635
724;2461306.5;-18072728;-18808008;-8150816
724;2462604.5;5685967;10701278;5506027
75051;2446455.25;1523137;-7475968;-5379926
75051;2449849.5;1908089;-7239804;-5586270
75051;2451545;-289271;5734116;3332867
75051;2454441.5;6753998;1363526;-5298200
75051;2455849.5;6353829;-1465183;-6411808
75051;2457849.5;6795048;1029235;-5483715
75051;2458849.5;-4740395;-6253780;1005553
75051;2458849.55;-4741834;-6251407;1008021
75051;2458849.75;-4747578;-6241899;1017888
75051;2458850.5;-4768968;-6206054;1054861
75051;2458852.5;-4824850;-6108971;1153203
75051;2458859.5;-5006640;-5752203;1493892
75051;2458879.5;-5395980;-4592639;2423607
75051;2458949.5;-4818315;632477;4559398
75051;2459149.5;6007743;4397203;-3058527
75051;2459849.5;6466969;3444092;-3931640
75051;2460676.5;4752337;-4839637;-6581337
75051;2461306.5;6245781;-2089390;-6489034
75051;2462604.5;6835004;1737818;-5063830
