row;planet;satellite;code;ephemeris;frame;epoch_tdb;a_km;e;argp_deg;m_deg;i_deg;node_deg;p_days;papsis_yr;pnode_yr;ra_deg;dec_deg;tilt_deg;ref
409;Uranus;Ariel;701;URA182;equatorial;2000-01-01.5;190929.;0.001;9.6;193.5;0.0;0.0;2.520379;28.901;0.000;;;;45
410;Uranus;Umbriel;702;URA182;equatorial;2000-01-01.5;265986.;0.004;183.4;253.0;0.1;174.8;4.144177;64.126;129.745;;;;45
411;Uranus;Titania;703;URA182;equatorial;2000-01-01.5;436298.;0.002;184.0;68.1;0.1;29.5;8.705869;579.928;1644.649;;;;45
412;Uranus;Oberon;704;URA182;equatorial;2000-01-01.5;583511.;0.002;132.2;143.6;0.1;76.8;13.463237;158.604;192.798;;;;45
413;Uranus;Miranda;705;URA182;equatorial;2000-01-01.5;129846.;0.001;154.8;73.0;4.4;100.9;1.413479;8.939;17.787;;;;45
414;Uranus;Puck;715;URA182;equatorial;2000-01-01.5;86004.;0.000;0.0;50.1;0.3;216.1;0.761833;2.226;4.454;;;;45
415;Uranus;Cordelia;706;URA184;Laplace;2025-01-01.0;49755.;0.000;0.0;287.4;0.2;1.1;0.3347;0.0;0.6;77.3;15.2;180.0;10
416;Uranus;Ophelia;707;URA184;Laplace;2025-01-01.0;53765.;0.011;19.3;213.4;0.2;151.6;0.3764;0.4;0.8;77.3;15.2;180.0;10
417;Uranus;Bianca;708;URA184;Laplace;2025-01-01.0;59170.;0.006;328.0;109.1;2.3;272.5;0.4347;0.5;1.1;77.3;15.2;180.0;10
418;Uranus;Cressida;709;URA184;Laplace;2025-01-01.0;61770.;0.004;87.9;0.5;1.8;308.2;0.4639;0.6;1.2;77.3;15.2;180.0;10
419;Uranus;Desdemona;710;URA184;Laplace;2025-01-01.0;62663.;0.007;137.0;230.0;3.1;283.9;0.4736;0.6;1.3;77.3;15.2;180.0;10
420;Uranus;Juliet;711;URA184;Laplace;2025-01-01.0;64362.;0.006;274.9;319.8;3.0;141.0;0.4931;0.7;1.4;77.3;15.2;180.0;10
421;Uranus;Portia;712;URA184;Laplace;2025-01-01.0;66101.;0.004;31.6;310.1;2.7;146.7;0.5132;0.8;1.6;77.3;15.2;180.0;10
422;Uranus;Rosalind;713;URA184;Laplace;2025-01-01.0;69930.;0.003;231.8;287.7;1.7;330.0;0.5583;0.9;1.9;77.3;15.2;180.0;10
423;Uranus;Belinda;714;URA184;Laplace;2025-01-01.0;75258.;0.002;58.6;226.4;1.4;96.2;0.6236;1.2;2.4;77.3;15.2;180.0;10
424;Uranus;Puck;715;URA184;Laplace;2025-01-01.0;86007.;0.009;337.0;264.1;1.1;111.2;0.7618;1.9;3.9;77.3;15.2;180.0;10
425;Uranus;Perdita;725;URA184;Laplace;2025-01-01.0;76418.;0.005;296.9;168.0;1.6;270.4;0.6382;1.3;2.6;77.3;15.2;180.0;10
426;Uranus;Mab;726;URA184;Laplace;2025-01-01.0;97737.;0.006;318.6;250.8;1.8;307.8;0.9229;3.1;6.1;77.3;15.2;180.0;10
427;Uranus;Cupid;727;URA184;Laplace;2025-01-01.0;74396.;0.007;168.0;3.3;2.0;31.1;0.6125;1.2;2.3;77.3;15.2;180.0;10
428;Uranus;S2025_U_1;75052;URA184;Laplace;2025-01-01.0;57844.;0.039;313.9;275.6;4.0;70.8;0.4201;0.5;1.0;77.3;15.2;180.0;10
429;Uranus;Caliban;716;URA117;ecliptic;2020-01-01.0;7167000.;0.200;349.7;241.2;141.4;174.9;580.;8795.;6483.;;;;43
430;Uranus;Sycorax;717;URA117;ecliptic;2020-01-01.0;12193200.;0.520;25.4;332.1;157.0;267.1;1286.;1394.;1863.;;;;43
431;Uranus;Prospero;718;URA117;ecliptic;2020-01-01.0;16221000.;0.441;180.4;197.6;149.4;324.5;1974.;1154.;1369.;;;;43
432;Uranus;Setebos;719;URA117;ecliptic;2020-01-01.0;17519800.;0.579;356.1;148.0;153.9;244.7;2215.;48.;48.;;;;43
433;Uranus;Stephano;720;URA117;ecliptic;2020-01-01.0;7951400.;0.235;17.1;164.4;143.6;193.3;677.;5469.;5190.;;;;43
434;Uranus;Trinculo;721;URA117;ecliptic;2020-01-01.0;8502600.;0.220;162.2;55.6;167.1;196.5;749.;2589.;4265.;;;;43
435;Uranus;Francisco;722;URA117;ecliptic;2020-01-01.0;4275700.;0.144;137.6;288.4;146.8;101.9;267.;12473.;14419.;;;;43
436;Uranus;Margaret;723;URA117;ecliptic;2020-01-01.0;14425000.;0.642;90.7;115.9;60.5;0.9;1655.;-;1002.;;;;43
437;Uranus;Ferdinand;724;URA117;ecliptic;2020-01-01.0;20421400.;0.395;166.9;172.3;169.2;223.9;2788.;747.;1001.;;;;43
438;Uranus;S2023_U1;75051;URA117;ecliptic;2020-01-01.0;7976600.;0.250;158.7;101.8;143.9;260.2;681.;5078.;5022.;;;;43
